CHN,2020-12-15T00:00:00.000+05:30,1500000.0,"","","","",0.1,"","","","Sinopharm/Beijing, Sinopharm/Wuhan, Sinovac",National Health Commission,https://www.reuters.com/article/us-health-coronavirus-china-vaccine/china-steps-up-covid-19-vaccination-considers-differentiated-visa-policies-idUSKBN2BD0A8?il=0,""
CHN,2020-12-16T00:00:00.000+05:30,"","","","",187500.0,"","","",130.0,"Sinopharm/Beijing, Sinopharm/Wuhan, Sinovac",National Health Commission,https://www.reuters.com/article/us-health-coronavirus-china-vaccine/china-steps-up-covid-19-vaccination-considers-differentiated-visa-policies-idUSKBN2BD0A8?il=0,""
CHN,2020-12-17T00:00:00.000+05:30,"","","","",187500.0,"","","",130.0,"Sinopharm/Beijing, Sinopharm/Wuhan, Sinovac",National Health Commission,https://www.reuters.com/article/us-health-coronavirus-china-vaccine/china-steps-up-covid-19-vaccination-considers-differentiated-visa-policies-idUSKBN2BD0A8?il=0,""
CHN,2020-12-18T00:00:00.000+05:30,"","","","",187500.0,"","","",130.0,"Sinopharm/Beijing, Sinopharm/Wuhan, Sinovac",National Health Commission,https://www.reuters.com/article/us-health-coronavirus-china-vaccine/china-steps-up-covid-19-vaccination-considers-differentiated-visa-policies-idUSKBN2BD0A8?il=0,""
CHN,2020-12-19T00:00:00.000+05:30,"","","","",187500.0,"","","",130.0,"Sinopharm/Beijing, Sinopharm/Wuhan, Sinovac",National Health Commission,https://www.reuters.com/article/us-health-coronavirus-china-vaccine/china-steps-up-covid-19-vaccination-considers-differentiated-visa-policies-idUSKBN2BD0A8?il=0,""
CHN,2020-12-20T00:00:00.000+05:30,"","","","",187500.0,"","","",130.0,"Sinopharm/Beijing, Sinopharm/Wuhan, Sinovac",National Health Commission,https://www.reuters.com/article/us-health-coronavirus-china-vaccine/china-steps-up-covid-19-vaccination-considers-differentiated-visa-policies-idUSKBN2BD0A8?il=0,""
CHN,2020-12-21T00:00:00.000+05:30,"","","","",187500.0,"","","",130.0,"Sinopharm/Beijing, Sinopharm/Wuhan, Sinovac",National Health Commission,https://www.reuters.com/article/us-health-coronavirus-china-vaccine/china-steps-up-covid-19-vaccination-considers-differentiated-visa-policies-idUSKBN2BD0A8?il=0,""
CHN,2020-12-22T00:00:00.000+05:30,"","","","",187500.0,"","","",130.0,"Sinopharm/Beijing, Sinopharm/Wuhan, Sinovac",National Health Commission,https://www.reuters.com/article/us-health-coronavirus-china-vaccine/china-steps-up-covid-19-vaccination-considers-differentiated-visa-policies-idUSKBN2BD0A8?il=0,""
CHN,2020-12-23T00:00:00.000+05:30,"","","","",187500.0,"","","",130.0,"Sinopharm/Beijing, Sinopharm/Wuhan, Sinovac",National Health Commission,https://www.reuters.com/article/us-health-coronavirus-china-vaccine/china-steps-up-covid-19-vaccination-considers-differentiated-visa-policies-idUSKBN2BD0A8?il=0,""
CHN,2020-12-24T00:00:00.000+05:30,"","","","",187500.0,"","","",130.0,"Sinopharm/Beijing, Sinopharm/Wuhan, Sinovac",National Health Commission,https://www.reuters.com/article/us-health-coronavirus-china-vaccine/china-steps-up-covid-19-vaccination-considers-differentiated-visa-policies-idUSKBN2BD0A8?il=0,""
CHN,2020-12-25T00:00:00.000+05:30,"","","","",187500.0,"","","",130.0,"Sinopharm/Beijing, Sinopharm/Wuhan, Sinovac",National Health Commission,https://www.reuters.com/article/us-health-coronavirus-china-vaccine/china-steps-up-covid-19-vaccination-considers-differentiated-visa-policies-idUSKBN2BD0A8?il=0,""
CHN,2020-12-26T00:00:00.000+05:30,"","","","",187500.0,"","","",130.0,"Sinopharm/Beijing, Sinopharm/Wuhan, Sinovac",National Health Commission,https://www.reuters.com/article/us-health-coronavirus-china-vaccine/china-steps-up-covid-19-vaccination-considers-differentiated-visa-policies-idUSKBN2BD0A8?il=0,""
CHN,2020-12-27T00:00:00.000+05:30,"","","","",187500.0,"","","",130.0,"Sinopharm/Beijing, Sinopharm/Wuhan, Sinovac",National Health Commission,https://www.reuters.com/article/us-health-coronavirus-china-vaccine/china-steps-up-covid-19-vaccination-considers-differentiated-visa-policies-idUSKBN2BD0A8?il=0,""
CHN,2020-12-28T00:00:00.000+05:30,"","","","",187500.0,"","","",130.0,"Sinopharm/Beijing, Sinopharm/Wuhan, Sinovac",National Health Commission,https://www.reuters.com/article/us-health-coronavirus-china-vaccine/china-steps-up-covid-19-vaccination-considers-differentiated-visa-policies-idUSKBN2BD0A8?il=0,""
CHN,2020-12-29T00:00:00.000+05:30,"","","","",187500.0,"","","",130.0,"Sinopharm/Beijing, Sinopharm/Wuhan, Sinovac",National Health Commission,https://www.reuters.com/article/us-health-coronavirus-china-vaccine/china-steps-up-covid-19-vaccination-considers-differentiated-visa-policies-idUSKBN2BD0A8?il=0,""
CHN,2020-12-30T00:00:00.000+05:30,"","","","",187500.0,"","","",130.0,"Sinopharm/Beijing, Sinopharm/Wuhan, Sinovac",National Health Commission,https://www.reuters.com/article/us-health-coronavirus-china-vaccine/china-steps-up-covid-19-vaccination-considers-differentiated-visa-policies-idUSKBN2BD0A8?il=0,""
CHN,2020-12-31T00:00:00.000+05:30,4500000.0,"","","",187500.0,0.31,"","",130.0,"Sinopharm/Beijing, Sinopharm/Wuhan, Sinovac",National Health Commission,https://www.reuters.com/article/us-health-coronavirus-china-vaccine/china-steps-up-covid-19-vaccination-considers-differentiated-visa-policies-idUSKBN2BD0A8?il=0,""
CHN,2021-01-01T00:00:00.000+05:30,"","","","",232143.0,"","","",161.0,"Sinopharm/Beijing, Sinopharm/Wuhan, Sinovac",National Health Commission,https://www.reuters.com/article/us-health-coronavirus-china-vaccine/china-steps-up-covid-19-vaccination-considers-differentiated-visa-policies-idUSKBN2BD0A8?il=0,""
CHN,2021-01-02T00:00:00.000+05:30,"","","","",276786.0,"","","",192.0,"Sinopharm/Beijing, Sinopharm/Wuhan, Sinovac",National Health Commission,https://www.reuters.com/article/us-health-coronavirus-china-vaccine/china-steps-up-covid-19-vaccination-considers-differentiated-visa-policies-idUSKBN2BD0A8?il=0,""
CHN,2021-01-03T00:00:00.000+05:30,"","","","",321429.0,"","","",223.0,"Sinopharm/Beijing, Sinopharm/Wuhan, Sinovac",National Health Commission,https://www.reuters.com/article/us-health-coronavirus-china-vaccine/china-steps-up-covid-19-vaccination-considers-differentiated-visa-policies-idUSKBN2BD0A8?il=0,""
CHN,2021-01-04T00:00:00.000+05:30,"","","","",366071.0,"","","",254.0,"Sinopharm/Beijing, Sinopharm/Wuhan, Sinovac",National Health Commission,https://www.reuters.com/article/us-health-coronavirus-china-vaccine/china-steps-up-covid-19-vaccination-considers-differentiated-visa-policies-idUSKBN2BD0A8?il=0,""
CHN,2021-01-05T00:00:00.000+05:30,"","","","",410714.0,"","","",285.0,"Sinopharm/Beijing, Sinopharm/Wuhan, Sinovac",National Health Commission,https://www.reuters.com/article/us-health-coronavirus-china-vaccine/china-steps-up-covid-19-vaccination-considers-differentiated-visa-policies-idUSKBN2BD0A8?il=0,""
CHN,2021-01-06T00:00:00.000+05:30,"","","","",455357.0,"","","",316.0,"Sinopharm/Beijing, Sinopharm/Wuhan, Sinovac",National Health Commission,https://www.reuters.com/article/us-health-coronavirus-china-vaccine/china-steps-up-covid-19-vaccination-considers-differentiated-visa-policies-idUSKBN2BD0A8?il=0,""
CHN,2021-01-07T00:00:00.000+05:30,"","","","",500000.0,"","","",347.0,"Sinopharm/Beijing, Sinopharm/Wuhan, Sinovac",National Health Commission,https://www.reuters.com/article/us-health-coronavirus-china-vaccine/china-steps-up-covid-19-vaccination-considers-differentiated-visa-policies-idUSKBN2BD0A8?il=0,""
CHN,2021-01-08T00:00:00.000+05:30,"","","","",500000.0,"","","",347.0,"Sinopharm/Beijing, Sinopharm/Wuhan, Sinovac",National Health Commission,https://www.reuters.com/article/us-health-coronavirus-china-vaccine/china-steps-up-covid-19-vaccination-considers-differentiated-visa-policies-idUSKBN2BD0A8?il=0,""
CHN,2021-01-09T00:00:00.000+05:30,9000000.0,"","","",500000.0,0.63,"","",347.0,"Sinopharm/Beijing, Sinopharm/Wuhan, Sinovac",National Health Commission,https://www.reuters.com/article/us-health-coronavirus-china-vaccine/china-steps-up-covid-19-vaccination-considers-differentiated-visa-policies-idUSKBN2BD0A8?il=0,""
CHN,2021-01-10T00:00:00.000+05:30,"","","","",464286.0,"","","",323.0,"Sinopharm/Beijing, Sinopharm/Wuhan, Sinovac",National Health Commission,https://www.reuters.com/article/us-health-coronavirus-china-vaccine/china-steps-up-covid-19-vaccination-considers-differentiated-visa-policies-idUSKBN2BD0A8?il=0,""
CHN,2021-01-11T00:00:00.000+05:30,"","","","",428571.0,"","","",298.0,"Sinopharm/Beijing, Sinopharm/Wuhan, Sinovac",National Health Commission,https://www.reuters.com/article/us-health-coronavirus-china-vaccine/china-steps-up-covid-19-vaccination-considers-differentiated-visa-policies-idUSKBN2BD0A8?il=0,""
CHN,2021-01-12T00:00:00.000+05:30,"","","","",392857.0,"","","",273.0,"Sinopharm/Beijing, Sinopharm/Wuhan, Sinovac",National Health Commission,https://www.reuters.com/article/us-health-coronavirus-china-vaccine/china-steps-up-covid-19-vaccination-considers-differentiated-visa-policies-idUSKBN2BD0A8?il=0,""
CHN,2021-01-13T00:00:00.000+05:30,1.0E7,"","","",357143.0,0.69,"","",248.0,"Sinopharm/Beijing, Sinopharm/Wuhan, Sinovac",National Health Commission,https://www.reuters.com/article/us-health-coronavirus-china-vaccine/china-steps-up-covid-19-vaccination-considers-differentiated-visa-policies-idUSKBN2BD0A8?il=0,""
CHN,2021-01-14T00:00:00.000+05:30,"","","","",387755.0,"","","",269.0,"Sinopharm/Beijing, Sinopharm/Wuhan, Sinovac",National Health Commission,https://www.reuters.com/article/us-health-coronavirus-china-vaccine/china-steps-up-covid-19-vaccination-considers-differentiated-visa-policies-idUSKBN2BD0A8?il=0,""
CHN,2021-01-15T00:00:00.000+05:30,"","","","",418367.0,"","","",291.0,"Sinopharm/Beijing, Sinopharm/Wuhan, Sinovac",National Health Commission,https://www.reuters.com/article/us-health-coronavirus-china-vaccine/china-steps-up-covid-19-vaccination-considers-differentiated-visa-policies-idUSKBN2BD0A8?il=0,""
CHN,2021-01-16T00:00:00.000+05:30,"","","","",448980.0,"","","",312.0,"Sinopharm/Beijing, Sinopharm/Wuhan, Sinovac",National Health Commission,https://www.reuters.com/article/us-health-coronavirus-china-vaccine/china-steps-up-covid-19-vaccination-considers-differentiated-visa-policies-idUSKBN2BD0A8?il=0,""
CHN,2021-01-17T00:00:00.000+05:30,"","","","",515306.0,"","","",358.0,"Sinopharm/Beijing, Sinopharm/Wuhan, Sinovac",National Health Commission,https://www.reuters.com/article/us-health-coronavirus-china-vaccine/china-steps-up-covid-19-vaccination-considers-differentiated-visa-policies-idUSKBN2BD0A8?il=0,""
CHN,2021-01-18T00:00:00.000+05:30,"","","","",581633.0,"","","",404.0,"Sinopharm/Beijing, Sinopharm/Wuhan, Sinovac",National Health Commission,https://www.reuters.com/article/us-health-coronavirus-china-vaccine/china-steps-up-covid-19-vaccination-considers-differentiated-visa-policies-idUSKBN2BD0A8?il=0,""
CHN,2021-01-19T00:00:00.000+05:30,"","","","",647959.0,"","","",450.0,"Sinopharm/Beijing, Sinopharm/Wuhan, Sinovac",National Health Commission,https://www.reuters.com/article/us-health-coronavirus-china-vaccine/china-steps-up-covid-19-vaccination-considers-differentiated-visa-policies-idUSKBN2BD0A8?il=0,""
CHN,2021-01-20T00:00:00.000+05:30,1.5E7,"","","",714286.0,1.04,"","",496.0,"Sinopharm/Beijing, Sinopharm/Wuhan, Sinovac",National Health Commission,https://www.reuters.com/article/us-health-coronavirus-china-vaccine/china-steps-up-covid-19-vaccination-considers-differentiated-visa-policies-idUSKBN2BD0A8?il=0,""
CHN,2021-01-21T00:00:00.000+05:30,"","","","",770755.0,"","","",535.0,"Sinopharm/Beijing, Sinopharm/Wuhan, Sinovac",National Health Commission,https://www.reuters.com/article/us-health-coronavirus-china-vaccine/china-steps-up-covid-19-vaccination-considers-differentiated-visa-policies-idUSKBN2BD0A8?il=0,""
CHN,2021-01-22T00:00:00.000+05:30,"","","","",827224.0,"","","",575.0,"Sinopharm/Beijing, Sinopharm/Wuhan, Sinovac",National Health Commission,https://www.reuters.com/article/us-health-coronavirus-china-vaccine/china-steps-up-covid-19-vaccination-considers-differentiated-visa-policies-idUSKBN2BD0A8?il=0,""
CHN,2021-01-23T00:00:00.000+05:30,"","","","",883694.0,"","","",614.0,"Sinopharm/Beijing, Sinopharm/Wuhan, Sinovac",National Health Commission,https://www.reuters.com/article/us-health-coronavirus-china-vaccine/china-steps-up-covid-19-vaccination-considers-differentiated-visa-policies-idUSKBN2BD0A8?il=0,""
CHN,2021-01-24T00:00:00.000+05:30,"","","","",940163.0,"","","",653.0,"Sinopharm/Beijing, Sinopharm/Wuhan, Sinovac",National Health Commission,https://www.reuters.com/article/us-health-coronavirus-china-vaccine/china-steps-up-covid-19-vaccination-considers-differentiated-visa-policies-idUSKBN2BD0A8?il=0,""
CHN,2021-01-25T00:00:00.000+05:30,"","","","",996633.0,"","","",692.0,"Sinopharm/Beijing, Sinopharm/Wuhan, Sinovac",National Health Commission,https://www.reuters.com/article/us-health-coronavirus-china-vaccine/china-steps-up-covid-19-vaccination-considers-differentiated-visa-policies-idUSKBN2BD0A8?il=0,""
CHN,2021-01-26T00:00:00.000+05:30,"","","","",1053102.0,"","","",732.0,"Sinopharm/Beijing, Sinopharm/Wuhan, Sinovac",National Health Commission,https://www.reuters.com/article/us-health-coronavirus-china-vaccine/china-steps-up-covid-19-vaccination-considers-differentiated-visa-policies-idUSKBN2BD0A8?il=0,""
CHN,2021-01-27T00:00:00.000+05:30,2.2767E7,"","","",1109571.0,1.58,"","",771.0,"Sinopharm/Beijing, Sinopharm/Wuhan, Sinovac",National Health Commission,https://www.reuters.com/article/us-health-coronavirus-china-vaccine/china-steps-up-covid-19-vaccination-considers-differentiated-visa-policies-idUSKBN2BD0A8?il=0,""
CHN,2021-01-28T00:00:00.000+05:30,"","","","",995097.0,"","","",691.0,"Sinopharm/Beijing, Sinopharm/Wuhan, Sinovac",National Health Commission,https://www.reuters.com/article/us-health-coronavirus-china-vaccine/china-steps-up-covid-19-vaccination-considers-differentiated-visa-policies-idUSKBN2BD0A8?il=0,""
CHN,2021-01-29T00:00:00.000+05:30,"","","","",880622.0,"","","",612.0,"Sinopharm/Beijing, Sinopharm/Wuhan, Sinovac",National Health Commission,https://www.reuters.com/article/us-health-coronavirus-china-vaccine/china-steps-up-covid-19-vaccination-considers-differentiated-visa-policies-idUSKBN2BD0A8?il=0,""
CHN,2021-01-30T00:00:00.000+05:30,"","","","",766148.0,"","","",532.0,"Sinopharm/Beijing, Sinopharm/Wuhan, Sinovac",National Health Commission,https://www.reuters.com/article/us-health-coronavirus-china-vaccine/china-steps-up-covid-19-vaccination-considers-differentiated-visa-policies-idUSKBN2BD0A8?il=0,""
CHN,2021-01-31T00:00:00.000+05:30,2.4E7,"","","",651673.0,1.67,"","",453.0,"Sinopharm/Beijing, Sinopharm/Wuhan, Sinovac",National Health Commission,https://www.reuters.com/article/us-health-coronavirus-china-vaccine/china-steps-up-covid-19-vaccination-considers-differentiated-visa-policies-idUSKBN2BD0A8?il=0,""
CHN,2021-02-01T00:00:00.000+05:30,"","","","",836020.0,"","","",581.0,"Sinopharm/Beijing, Sinopharm/Wuhan, Sinovac",National Health Commission,https://www.reuters.com/article/us-health-coronavirus-china-vaccine/china-steps-up-covid-19-vaccination-considers-differentiated-visa-policies-idUSKBN2BD0A8?il=0,""
CHN,2021-02-02T00:00:00.000+05:30,"","","","",1020367.0,"","","",709.0,"Sinopharm/Beijing, Sinopharm/Wuhan, Sinovac",National Health Commission,https://www.reuters.com/article/us-health-coronavirus-china-vaccine/china-steps-up-covid-19-vaccination-considers-differentiated-visa-policies-idUSKBN2BD0A8?il=0,""
CHN,2021-02-03T00:00:00.000+05:30,3.12E7,"","","",1204714.0,2.17,"","",837.0,"Sinopharm/Beijing, Sinopharm/Wuhan, Sinovac",National Health Commission,https://www.reuters.com/article/us-health-coronavirus-china-vaccine/china-steps-up-covid-19-vaccination-considers-differentiated-visa-policies-idUSKBN2BD0A8?il=0,""
CHN,2021-02-04T00:00:00.000+05:30,"","","","",1382583.0,"","","",961.0,"Sinopharm/Beijing, Sinopharm/Wuhan, Sinovac",National Health Commission,https://www.reuters.com/article/us-health-coronavirus-china-vaccine/china-steps-up-covid-19-vaccination-considers-differentiated-visa-policies-idUSKBN2BD0A8?il=0,""
CHN,2021-02-05T00:00:00.000+05:30,"","","","",1560452.0,"","","",1084.0,"Sinopharm/Beijing, Sinopharm/Wuhan, Sinovac",National Health Commission,https://www.reuters.com/article/us-health-coronavirus-china-vaccine/china-steps-up-covid-19-vaccination-considers-differentiated-visa-policies-idUSKBN2BD0A8?il=0,""
CHN,2021-02-06T00:00:00.000+05:30,"","","","",1738321.0,"","","",1208.0,"Sinopharm/Beijing, Sinopharm/Wuhan, Sinovac",National Health Commission,https://www.reuters.com/article/us-health-coronavirus-china-vaccine/china-steps-up-covid-19-vaccination-considers-differentiated-visa-policies-idUSKBN2BD0A8?il=0,""
CHN,2021-02-07T00:00:00.000+05:30,"","","","",1916190.0,"","","",1331.0,"Sinopharm/Beijing, Sinopharm/Wuhan, Sinovac",National Health Commission,https://www.reuters.com/article/us-health-coronavirus-china-vaccine/china-steps-up-covid-19-vaccination-considers-differentiated-visa-policies-idUSKBN2BD0A8?il=0,""
CHN,2021-02-08T00:00:00.000+05:30,"","","","",1795238.0,"","","",1247.0,"Sinopharm/Beijing, Sinopharm/Wuhan, Sinovac",National Health Commission,https://www.reuters.com/article/us-health-coronavirus-china-vaccine/china-steps-up-covid-19-vaccination-considers-differentiated-visa-policies-idUSKBN2BD0A8?il=0,""
CHN,2021-02-09T00:00:00.000+05:30,4.052E7,"","","",1674286.0,2.82,"","",1163.0,"Sinopharm/Beijing, Sinopharm/Wuhan, Sinovac",National Health Commission,https://www.reuters.com/article/us-health-coronavirus-china-vaccine/china-steps-up-covid-19-vaccination-considers-differentiated-visa-policies-idUSKBN2BD0A8?il=0,""
CHN,2021-02-10T00:00:00.000+05:30,"","","","",1421654.0,"","","",988.0,"Sinopharm/Beijing, Sinopharm/Wuhan, Sinovac",National Health Commission,https://www.reuters.com/article/us-health-coronavirus-china-vaccine/china-steps-up-covid-19-vaccination-considers-differentiated-visa-policies-idUSKBN2BD0A8?il=0,""
CHN,2021-02-11T00:00:00.000+05:30,"","","","",1289975.0,"","","",896.0,"Sinopharm/Beijing, Sinopharm/Wuhan, Sinovac",National Health Commission,https://www.reuters.com/article/us-health-coronavirus-china-vaccine/china-steps-up-covid-19-vaccination-considers-differentiated-visa-policies-idUSKBN2BD0A8?il=0,""
CHN,2021-02-12T00:00:00.000+05:30,"","","","",1158296.0,"","","",805.0,"Sinopharm/Beijing, Sinopharm/Wuhan, Sinovac",National Health Commission,https://www.reuters.com/article/us-health-coronavirus-china-vaccine/china-steps-up-covid-19-vaccination-considers-differentiated-visa-policies-idUSKBN2BD0A8?il=0,""
CHN,2021-02-13T00:00:00.000+05:30,"","","","",1026617.0,"","","",713.0,"Sinopharm/Beijing, Sinopharm/Wuhan, Sinovac",National Health Commission,https://www.reuters.com/article/us-health-coronavirus-china-vaccine/china-steps-up-covid-19-vaccination-considers-differentiated-visa-policies-idUSKBN2BD0A8?il=0,""
CHN,2021-02-14T00:00:00.000+05:30,"","","","",894937.0,"","","",622.0,"Sinopharm/Beijing, Sinopharm/Wuhan, Sinovac",National Health Commission,https://www.reuters.com/article/us-health-coronavirus-china-vaccine/china-steps-up-covid-19-vaccination-considers-differentiated-visa-policies-idUSKBN2BD0A8?il=0,""
CHN,2021-02-15T00:00:00.000+05:30,"","","","",763258.0,"","","",530.0,"Sinopharm/Beijing, Sinopharm/Wuhan, Sinovac",National Health Commission,https://www.reuters.com/article/us-health-coronavirus-china-vaccine/china-steps-up-covid-19-vaccination-considers-differentiated-visa-policies-idUSKBN2BD0A8?il=0,""
CHN,2021-02-16T00:00:00.000+05:30,"","","","",631579.0,"","","",439.0,"Sinopharm/Beijing, Sinopharm/Wuhan, Sinovac",National Health Commission,https://www.reuters.com/article/us-health-coronavirus-china-vaccine/china-steps-up-covid-19-vaccination-considers-differentiated-visa-policies-idUSKBN2BD0A8?il=0,""
CHN,2021-02-17T00:00:00.000+05:30,"","","","",631579.0,"","","",439.0,"Sinopharm/Beijing, Sinopharm/Wuhan, Sinovac",National Health Commission,https://www.reuters.com/article/us-health-coronavirus-china-vaccine/china-steps-up-covid-19-vaccination-considers-differentiated-visa-policies-idUSKBN2BD0A8?il=0,""
CHN,2021-02-18T00:00:00.000+05:30,"","","","",631579.0,"","","",439.0,"Sinopharm/Beijing, Sinopharm/Wuhan, Sinovac",National Health Commission,https://www.reuters.com/article/us-health-coronavirus-china-vaccine/china-steps-up-covid-19-vaccination-considers-differentiated-visa-policies-idUSKBN2BD0A8?il=0,""
CHN,2021-02-19T00:00:00.000+05:30,"","","","",631579.0,"","","",439.0,"Sinopharm/Beijing, Sinopharm/Wuhan, Sinovac",National Health Commission,https://www.reuters.com/article/us-health-coronavirus-china-vaccine/china-steps-up-covid-19-vaccination-considers-differentiated-visa-policies-idUSKBN2BD0A8?il=0,""
CHN,2021-02-20T00:00:00.000+05:30,"","","","",631579.0,"","","",439.0,"Sinopharm/Beijing, Sinopharm/Wuhan, Sinovac",National Health Commission,https://www.reuters.com/article/us-health-coronavirus-china-vaccine/china-steps-up-covid-19-vaccination-considers-differentiated-visa-policies-idUSKBN2BD0A8?il=0,""
CHN,2021-02-21T00:00:00.000+05:30,"","","","",631579.0,"","","",439.0,"Sinopharm/Beijing, Sinopharm/Wuhan, Sinovac",National Health Commission,https://www.reuters.com/article/us-health-coronavirus-china-vaccine/china-steps-up-covid-19-vaccination-considers-differentiated-visa-policies-idUSKBN2BD0A8?il=0,""
CHN,2021-02-22T00:00:00.000+05:30,"","","","",631579.0,"","","",439.0,"Sinopharm/Beijing, Sinopharm/Wuhan, Sinovac",National Health Commission,https://www.reuters.com/article/us-health-coronavirus-china-vaccine/china-steps-up-covid-19-vaccination-considers-differentiated-visa-policies-idUSKBN2BD0A8?il=0,""
CHN,2021-02-23T00:00:00.000+05:30,"","","","",631579.0,"","","",439.0,"Sinopharm/Beijing, Sinopharm/Wuhan, Sinovac",National Health Commission,https://www.reuters.com/article/us-health-coronavirus-china-vaccine/china-steps-up-covid-19-vaccination-considers-differentiated-visa-policies-idUSKBN2BD0A8?il=0,""
CHN,2021-02-24T00:00:00.000+05:30,"","","","",631579.0,"","","",439.0,"Sinopharm/Beijing, Sinopharm/Wuhan, Sinovac",National Health Commission,https://www.reuters.com/article/us-health-coronavirus-china-vaccine/china-steps-up-covid-19-vaccination-considers-differentiated-visa-policies-idUSKBN2BD0A8?il=0,""
CHN,2021-02-25T00:00:00.000+05:30,"","","","",631579.0,"","","",439.0,"Sinopharm/Beijing, Sinopharm/Wuhan, Sinovac",National Health Commission,https://www.reuters.com/article/us-health-coronavirus-china-vaccine/china-steps-up-covid-19-vaccination-considers-differentiated-visa-policies-idUSKBN2BD0A8?il=0,""
CHN,2021-02-26T00:00:00.000+05:30,"","","","",631579.0,"","","",439.0,"Sinopharm/Beijing, Sinopharm/Wuhan, Sinovac",National Health Commission,https://www.reuters.com/article/us-health-coronavirus-china-vaccine/china-steps-up-covid-19-vaccination-considers-differentiated-visa-policies-idUSKBN2BD0A8?il=0,""
CHN,2021-02-27T00:00:00.000+05:30,"","","","",631579.0,"","","",439.0,"Sinopharm/Beijing, Sinopharm/Wuhan, Sinovac",National Health Commission,https://www.reuters.com/article/us-health-coronavirus-china-vaccine/china-steps-up-covid-19-vaccination-considers-differentiated-visa-policies-idUSKBN2BD0A8?il=0,""
CHN,2021-02-28T00:00:00.000+05:30,5.252E7,"","","",631579.0,3.65,"","",439.0,"Sinopharm/Beijing, Sinopharm/Wuhan, Sinovac",National Health Commission,https://www.reuters.com/article/us-health-coronavirus-china-vaccine/china-steps-up-covid-19-vaccination-considers-differentiated-visa-policies-idUSKBN2BD0A8?il=0,""
CHN,2021-03-01T00:00:00.000+05:30,"","","","",668496.0,"","","",464.0,"Sinopharm/Beijing, Sinopharm/Wuhan, Sinovac",National Health Commission,https://www.reuters.com/article/us-health-coronavirus-china-vaccine/china-steps-up-covid-19-vaccination-considers-differentiated-visa-policies-idUSKBN2BD0A8?il=0,""
CHN,2021-03-02T00:00:00.000+05:30,"","","","",705414.0,"","","",490.0,"Sinopharm/Beijing, Sinopharm/Wuhan, Sinovac",National Health Commission,https://www.reuters.com/article/us-health-coronavirus-china-vaccine/china-steps-up-covid-19-vaccination-considers-differentiated-visa-policies-idUSKBN2BD0A8?il=0,""
CHN,2021-03-03T00:00:00.000+05:30,"","","","",742331.0,"","","",516.0,"Sinopharm/Beijing, Sinopharm/Wuhan, Sinovac",National Health Commission,https://www.reuters.com/article/us-health-coronavirus-china-vaccine/china-steps-up-covid-19-vaccination-considers-differentiated-visa-policies-idUSKBN2BD0A8?il=0,""
CHN,2021-03-04T00:00:00.000+05:30,"","","","",779248.0,"","","",541.0,"Sinopharm/Beijing, Sinopharm/Wuhan, Sinovac",National Health Commission,https://www.reuters.com/article/us-health-coronavirus-china-vaccine/china-steps-up-covid-19-vaccination-considers-differentiated-visa-policies-idUSKBN2BD0A8?il=0,""
CHN,2021-03-05T00:00:00.000+05:30,"","","","",816165.0,"","","",567.0,"Sinopharm/Beijing, Sinopharm/Wuhan, Sinovac",National Health Commission,https://www.reuters.com/article/us-health-coronavirus-china-vaccine/china-steps-up-covid-19-vaccination-considers-differentiated-visa-policies-idUSKBN2BD0A8?il=0,""
CHN,2021-03-06T00:00:00.000+05:30,"","","","",853083.0,"","","",593.0,"Sinopharm/Beijing, Sinopharm/Wuhan, Sinovac",National Health Commission,https://www.reuters.com/article/us-health-coronavirus-china-vaccine/china-steps-up-covid-19-vaccination-considers-differentiated-visa-policies-idUSKBN2BD0A8?il=0,""
CHN,2021-03-07T00:00:00.000+05:30,"","","","",890000.0,"","","",618.0,"Sinopharm/Beijing, Sinopharm/Wuhan, Sinovac",National Health Commission,https://www.reuters.com/article/us-health-coronavirus-china-vaccine/china-steps-up-covid-19-vaccination-considers-differentiated-visa-policies-idUSKBN2BD0A8?il=0,""
CHN,2021-03-08T00:00:00.000+05:30,"","","","",890000.0,"","","",618.0,"Sinopharm/Beijing, Sinopharm/Wuhan, Sinovac",National Health Commission,https://www.reuters.com/article/us-health-coronavirus-china-vaccine/china-steps-up-covid-19-vaccination-considers-differentiated-visa-policies-idUSKBN2BD0A8?il=0,""
CHN,2021-03-09T00:00:00.000+05:30,"","","","",890000.0,"","","",618.0,"Sinopharm/Beijing, Sinopharm/Wuhan, Sinovac",National Health Commission,https://www.reuters.com/article/us-health-coronavirus-china-vaccine/china-steps-up-covid-19-vaccination-considers-differentiated-visa-policies-idUSKBN2BD0A8?il=0,""
CHN,2021-03-10T00:00:00.000+05:30,"","","","",890000.0,"","","",618.0,"Sinopharm/Beijing, Sinopharm/Wuhan, Sinovac",National Health Commission,https://www.reuters.com/article/us-health-coronavirus-china-vaccine/china-steps-up-covid-19-vaccination-considers-differentiated-visa-policies-idUSKBN2BD0A8?il=0,""
CHN,2021-03-11T00:00:00.000+05:30,"","","","",890000.0,"","","",618.0,"Sinopharm/Beijing, Sinopharm/Wuhan, Sinovac",National Health Commission,https://www.reuters.com/article/us-health-coronavirus-china-vaccine/china-steps-up-covid-19-vaccination-considers-differentiated-visa-policies-idUSKBN2BD0A8?il=0,""
CHN,2021-03-12T00:00:00.000+05:30,"","","","",890000.0,"","","",618.0,"Sinopharm/Beijing, Sinopharm/Wuhan, Sinovac",National Health Commission,https://www.reuters.com/article/us-health-coronavirus-china-vaccine/china-steps-up-covid-19-vaccination-considers-differentiated-visa-policies-idUSKBN2BD0A8?il=0,""
CHN,2021-03-13T00:00:00.000+05:30,"","","","",890000.0,"","","",618.0,"Sinopharm/Beijing, Sinopharm/Wuhan, Sinovac",National Health Commission,https://www.reuters.com/article/us-health-coronavirus-china-vaccine/china-steps-up-covid-19-vaccination-considers-differentiated-visa-policies-idUSKBN2BD0A8?il=0,""
CHN,2021-03-14T00:00:00.000+05:30,6.498E7,"","","",890000.0,4.51,"","",618.0,"Sinopharm/Beijing, Sinopharm/Wuhan, Sinovac",National Health Commission,https://www.reuters.com/article/us-health-coronavirus-china-vaccine/china-steps-up-covid-19-vaccination-considers-differentiated-visa-policies-idUSKBN2BD0A8?il=0,""
CHN,2021-03-15T00:00:00.000+05:30,"","","","",1000381.0,"","","",695.0,"Sinopharm/Beijing, Sinopharm/Wuhan, Sinovac",National Health Commission,https://www.reuters.com/article/us-health-coronavirus-china-vaccine/china-steps-up-covid-19-vaccination-considers-differentiated-visa-policies-idUSKBN2BD0A8?il=0,""
CHN,2021-03-16T00:00:00.000+05:30,"","","","",1110762.0,"","","",772.0,"Sinopharm/Beijing, Sinopharm/Wuhan, Sinovac",National Health Commission,https://www.reuters.com/article/us-health-coronavirus-china-vaccine/china-steps-up-covid-19-vaccination-considers-differentiated-visa-policies-idUSKBN2BD0A8?il=0,""
CHN,2021-03-17T00:00:00.000+05:30,"","","","",1221143.0,"","","",848.0,"Sinopharm/Beijing, Sinopharm/Wuhan, Sinovac",National Health Commission,https://www.reuters.com/article/us-health-coronavirus-china-vaccine/china-steps-up-covid-19-vaccination-considers-differentiated-visa-policies-idUSKBN2BD0A8?il=0,""
CHN,2021-03-18T00:00:00.000+05:30,"","","","",1331524.0,"","","",925.0,"Sinopharm/Beijing, Sinopharm/Wuhan, Sinovac",National Health Commission,https://www.reuters.com/article/us-health-coronavirus-china-vaccine/china-steps-up-covid-19-vaccination-considers-differentiated-visa-policies-idUSKBN2BD0A8?il=0,""
CHN,2021-03-19T00:00:00.000+05:30,"","","","",1441905.0,"","","",1002.0,"Sinopharm/Beijing, Sinopharm/Wuhan, Sinovac",National Health Commission,https://www.reuters.com/article/us-health-coronavirus-china-vaccine/china-steps-up-covid-19-vaccination-considers-differentiated-visa-policies-idUSKBN2BD0A8?il=0,""
CHN,2021-03-20T00:00:00.000+05:30,7.4956E7,"","","",1552286.0,5.21,"","",1078.0,"Sinopharm/Beijing, Sinopharm/Wuhan, Sinovac",National Health Commission,https://www.reuters.com/article/us-health-coronavirus-china-vaccine/china-steps-up-covid-19-vaccination-considers-differentiated-visa-policies-idUSKBN2BD0A8?il=0,""
