SWE,2020-12-27T00:00:00.000+05:30,1963.0,1963.0,"","","",0.02,0.02,"","","Oxford/AstraZeneca, Pfizer/BioNTech",Public Health Agency of Sweden,https://www.folkhalsomyndigheten.se/smittskydd-beredskap/utbrott/aktuella-utbrott/covid-19/vaccination-mot-covid-19/statistik/statistik-over-registrerade-vaccinationer-covid-19/,""
SWE,2020-12-28T00:00:00.000+05:30,"","","","",1782.0,"","","",176.0,"Oxford/AstraZeneca, Pfizer/BioNTech",Public Health Agency of Sweden,https://www.folkhalsomyndigheten.se/smittskydd-beredskap/utbrott/aktuella-utbrott/covid-19/vaccination-mot-covid-19/statistik/statistik-over-registrerade-vaccinationer-covid-19/,""
SWE,2020-12-29T00:00:00.000+05:30,"","","","",1782.0,"","","",176.0,"Oxford/AstraZeneca, Pfizer/BioNTech",Public Health Agency of Sweden,https://www.folkhalsomyndigheten.se/smittskydd-beredskap/utbrott/aktuella-utbrott/covid-19/vaccination-mot-covid-19/statistik/statistik-over-registrerade-vaccinationer-covid-19/,""
SWE,2020-12-30T00:00:00.000+05:30,"","","","",1782.0,"","","",176.0,"Oxford/AstraZeneca, Pfizer/BioNTech",Public Health Agency of Sweden,https://www.folkhalsomyndigheten.se/smittskydd-beredskap/utbrott/aktuella-utbrott/covid-19/vaccination-mot-covid-19/statistik/statistik-over-registrerade-vaccinationer-covid-19/,""
SWE,2020-12-31T00:00:00.000+05:30,"","","","",1782.0,"","","",176.0,"Oxford/AstraZeneca, Pfizer/BioNTech",Public Health Agency of Sweden,https://www.folkhalsomyndigheten.se/smittskydd-beredskap/utbrott/aktuella-utbrott/covid-19/vaccination-mot-covid-19/statistik/statistik-over-registrerade-vaccinationer-covid-19/,""
SWE,2021-01-01T00:00:00.000+05:30,"","","","",1782.0,"","","",176.0,"Oxford/AstraZeneca, Pfizer/BioNTech",Public Health Agency of Sweden,https://www.folkhalsomyndigheten.se/smittskydd-beredskap/utbrott/aktuella-utbrott/covid-19/vaccination-mot-covid-19/statistik/statistik-over-registrerade-vaccinationer-covid-19/,""
SWE,2021-01-02T00:00:00.000+05:30,"","","","",1782.0,"","","",176.0,"Oxford/AstraZeneca, Pfizer/BioNTech",Public Health Agency of Sweden,https://www.folkhalsomyndigheten.se/smittskydd-beredskap/utbrott/aktuella-utbrott/covid-19/vaccination-mot-covid-19/statistik/statistik-over-registrerade-vaccinationer-covid-19/,""
SWE,2021-01-03T00:00:00.000+05:30,14437.0,14437.0,"","",1782.0,0.14,0.14,"",176.0,"Oxford/AstraZeneca, Pfizer/BioNTech",Public Health Agency of Sweden,https://www.folkhalsomyndigheten.se/smittskydd-beredskap/utbrott/aktuella-utbrott/covid-19/vaccination-mot-covid-19/statistik/statistik-over-registrerade-vaccinationer-covid-19/,""
SWE,2021-01-04T00:00:00.000+05:30,"","","","",2223.0,"","","",220.0,"Oxford/AstraZeneca, Pfizer/BioNTech",Public Health Agency of Sweden,https://www.folkhalsomyndigheten.se/smittskydd-beredskap/utbrott/aktuella-utbrott/covid-19/vaccination-mot-covid-19/statistik/statistik-over-registrerade-vaccinationer-covid-19/,""
SWE,2021-01-05T00:00:00.000+05:30,"","","","",2664.0,"","","",264.0,"Oxford/AstraZeneca, Pfizer/BioNTech",Public Health Agency of Sweden,https://www.folkhalsomyndigheten.se/smittskydd-beredskap/utbrott/aktuella-utbrott/covid-19/vaccination-mot-covid-19/statistik/statistik-over-registrerade-vaccinationer-covid-19/,""
SWE,2021-01-06T00:00:00.000+05:30,"","","","",3105.0,"","","",307.0,"Oxford/AstraZeneca, Pfizer/BioNTech",Public Health Agency of Sweden,https://www.folkhalsomyndigheten.se/smittskydd-beredskap/utbrott/aktuella-utbrott/covid-19/vaccination-mot-covid-19/statistik/statistik-over-registrerade-vaccinationer-covid-19/,""
SWE,2021-01-07T00:00:00.000+05:30,"","","","",3547.0,"","","",351.0,"Oxford/AstraZeneca, Pfizer/BioNTech",Public Health Agency of Sweden,https://www.folkhalsomyndigheten.se/smittskydd-beredskap/utbrott/aktuella-utbrott/covid-19/vaccination-mot-covid-19/statistik/statistik-over-registrerade-vaccinationer-covid-19/,""
SWE,2021-01-08T00:00:00.000+05:30,"","","","",3988.0,"","","",395.0,"Oxford/AstraZeneca, Pfizer/BioNTech",Public Health Agency of Sweden,https://www.folkhalsomyndigheten.se/smittskydd-beredskap/utbrott/aktuella-utbrott/covid-19/vaccination-mot-covid-19/statistik/statistik-over-registrerade-vaccinationer-covid-19/,""
SWE,2021-01-09T00:00:00.000+05:30,"","","","",4429.0,"","","",439.0,"Oxford/AstraZeneca, Pfizer/BioNTech",Public Health Agency of Sweden,https://www.folkhalsomyndigheten.se/smittskydd-beredskap/utbrott/aktuella-utbrott/covid-19/vaccination-mot-covid-19/statistik/statistik-over-registrerade-vaccinationer-covid-19/,""
SWE,2021-01-10T00:00:00.000+05:30,48528.0,48528.0,"","",4870.0,0.48,0.48,"",482.0,"Oxford/AstraZeneca, Pfizer/BioNTech",Public Health Agency of Sweden,https://www.folkhalsomyndigheten.se/smittskydd-beredskap/utbrott/aktuella-utbrott/covid-19/vaccination-mot-covid-19/statistik/statistik-over-registrerade-vaccinationer-covid-19/,""
SWE,2021-01-11T00:00:00.000+05:30,"","","","",5684.0,"","","",563.0,"Oxford/AstraZeneca, Pfizer/BioNTech",Public Health Agency of Sweden,https://www.folkhalsomyndigheten.se/smittskydd-beredskap/utbrott/aktuella-utbrott/covid-19/vaccination-mot-covid-19/statistik/statistik-over-registrerade-vaccinationer-covid-19/,""
SWE,2021-01-12T00:00:00.000+05:30,"","","","",6499.0,"","","",644.0,"Oxford/AstraZeneca, Pfizer/BioNTech",Public Health Agency of Sweden,https://www.folkhalsomyndigheten.se/smittskydd-beredskap/utbrott/aktuella-utbrott/covid-19/vaccination-mot-covid-19/statistik/statistik-over-registrerade-vaccinationer-covid-19/,""
SWE,2021-01-13T00:00:00.000+05:30,"","","","",7313.0,"","","",724.0,"Oxford/AstraZeneca, Pfizer/BioNTech",Public Health Agency of Sweden,https://www.folkhalsomyndigheten.se/smittskydd-beredskap/utbrott/aktuella-utbrott/covid-19/vaccination-mot-covid-19/statistik/statistik-over-registrerade-vaccinationer-covid-19/,""
SWE,2021-01-14T00:00:00.000+05:30,"","","","",8127.0,"","","",805.0,"Oxford/AstraZeneca, Pfizer/BioNTech",Public Health Agency of Sweden,https://www.folkhalsomyndigheten.se/smittskydd-beredskap/utbrott/aktuella-utbrott/covid-19/vaccination-mot-covid-19/statistik/statistik-over-registrerade-vaccinationer-covid-19/,""
SWE,2021-01-15T00:00:00.000+05:30,"","","","",8941.0,"","","",885.0,"Oxford/AstraZeneca, Pfizer/BioNTech",Public Health Agency of Sweden,https://www.folkhalsomyndigheten.se/smittskydd-beredskap/utbrott/aktuella-utbrott/covid-19/vaccination-mot-covid-19/statistik/statistik-over-registrerade-vaccinationer-covid-19/,""
SWE,2021-01-16T00:00:00.000+05:30,"","","","",9755.0,"","","",966.0,"Oxford/AstraZeneca, Pfizer/BioNTech",Public Health Agency of Sweden,https://www.folkhalsomyndigheten.se/smittskydd-beredskap/utbrott/aktuella-utbrott/covid-19/vaccination-mot-covid-19/statistik/statistik-over-registrerade-vaccinationer-covid-19/,""
SWE,2021-01-17T00:00:00.000+05:30,122516.0,122486.0,30.0,"",10570.0,1.21,1.21,0.0,1047.0,"Oxford/AstraZeneca, Pfizer/BioNTech",Public Health Agency of Sweden,https://www.folkhalsomyndigheten.se/smittskydd-beredskap/utbrott/aktuella-utbrott/covid-19/vaccination-mot-covid-19/statistik/statistik-over-registrerade-vaccinationer-covid-19/,""
SWE,2021-01-18T00:00:00.000+05:30,"","","","",11355.0,"","","",1124.0,"Oxford/AstraZeneca, Pfizer/BioNTech",Public Health Agency of Sweden,https://www.folkhalsomyndigheten.se/smittskydd-beredskap/utbrott/aktuella-utbrott/covid-19/vaccination-mot-covid-19/statistik/statistik-over-registrerade-vaccinationer-covid-19/,""
SWE,2021-01-19T00:00:00.000+05:30,"","","","",12140.0,"","","",1202.0,"Oxford/AstraZeneca, Pfizer/BioNTech",Public Health Agency of Sweden,https://www.folkhalsomyndigheten.se/smittskydd-beredskap/utbrott/aktuella-utbrott/covid-19/vaccination-mot-covid-19/statistik/statistik-over-registrerade-vaccinationer-covid-19/,""
SWE,2021-01-20T00:00:00.000+05:30,"","","","",12925.0,"","","",1280.0,"Oxford/AstraZeneca, Pfizer/BioNTech",Public Health Agency of Sweden,https://www.folkhalsomyndigheten.se/smittskydd-beredskap/utbrott/aktuella-utbrott/covid-19/vaccination-mot-covid-19/statistik/statistik-over-registrerade-vaccinationer-covid-19/,""
SWE,2021-01-21T00:00:00.000+05:30,"","","","",13710.0,"","","",1358.0,"Oxford/AstraZeneca, Pfizer/BioNTech",Public Health Agency of Sweden,https://www.folkhalsomyndigheten.se/smittskydd-beredskap/utbrott/aktuella-utbrott/covid-19/vaccination-mot-covid-19/statistik/statistik-over-registrerade-vaccinationer-covid-19/,""
SWE,2021-01-22T00:00:00.000+05:30,"","","","",14495.0,"","","",1435.0,"Oxford/AstraZeneca, Pfizer/BioNTech",Public Health Agency of Sweden,https://www.folkhalsomyndigheten.se/smittskydd-beredskap/utbrott/aktuella-utbrott/covid-19/vaccination-mot-covid-19/statistik/statistik-over-registrerade-vaccinationer-covid-19/,""
SWE,2021-01-23T00:00:00.000+05:30,"","","","",15281.0,"","","",1513.0,"Oxford/AstraZeneca, Pfizer/BioNTech",Public Health Agency of Sweden,https://www.folkhalsomyndigheten.se/smittskydd-beredskap/utbrott/aktuella-utbrott/covid-19/vaccination-mot-covid-19/statistik/statistik-over-registrerade-vaccinationer-covid-19/,""
SWE,2021-01-24T00:00:00.000+05:30,234976.0,225083.0,9893.0,"",16066.0,2.33,2.23,0.1,1591.0,"Oxford/AstraZeneca, Pfizer/BioNTech",Public Health Agency of Sweden,https://www.folkhalsomyndigheten.se/smittskydd-beredskap/utbrott/aktuella-utbrott/covid-19/vaccination-mot-covid-19/statistik/statistik-over-registrerade-vaccinationer-covid-19/,""
SWE,2021-01-25T00:00:00.000+05:30,"","","","",15566.0,"","","",1541.0,"Oxford/AstraZeneca, Pfizer/BioNTech",Public Health Agency of Sweden,https://www.folkhalsomyndigheten.se/smittskydd-beredskap/utbrott/aktuella-utbrott/covid-19/vaccination-mot-covid-19/statistik/statistik-over-registrerade-vaccinationer-covid-19/,""
SWE,2021-01-26T00:00:00.000+05:30,"","","","",15067.0,"","","",1492.0,"Oxford/AstraZeneca, Pfizer/BioNTech",Public Health Agency of Sweden,https://www.folkhalsomyndigheten.se/smittskydd-beredskap/utbrott/aktuella-utbrott/covid-19/vaccination-mot-covid-19/statistik/statistik-over-registrerade-vaccinationer-covid-19/,""
SWE,2021-01-27T00:00:00.000+05:30,"","","","",14568.0,"","","",1442.0,"Oxford/AstraZeneca, Pfizer/BioNTech",Public Health Agency of Sweden,https://www.folkhalsomyndigheten.se/smittskydd-beredskap/utbrott/aktuella-utbrott/covid-19/vaccination-mot-covid-19/statistik/statistik-over-registrerade-vaccinationer-covid-19/,""
SWE,2021-01-28T00:00:00.000+05:30,"","","","",14069.0,"","","",1393.0,"Oxford/AstraZeneca, Pfizer/BioNTech",Public Health Agency of Sweden,https://www.folkhalsomyndigheten.se/smittskydd-beredskap/utbrott/aktuella-utbrott/covid-19/vaccination-mot-covid-19/statistik/statistik-over-registrerade-vaccinationer-covid-19/,""
SWE,2021-01-29T00:00:00.000+05:30,"","","","",13569.0,"","","",1344.0,"Oxford/AstraZeneca, Pfizer/BioNTech",Public Health Agency of Sweden,https://www.folkhalsomyndigheten.se/smittskydd-beredskap/utbrott/aktuella-utbrott/covid-19/vaccination-mot-covid-19/statistik/statistik-over-registrerade-vaccinationer-covid-19/,""
SWE,2021-01-30T00:00:00.000+05:30,"","","","",13070.0,"","","",1294.0,"Oxford/AstraZeneca, Pfizer/BioNTech",Public Health Agency of Sweden,https://www.folkhalsomyndigheten.se/smittskydd-beredskap/utbrott/aktuella-utbrott/covid-19/vaccination-mot-covid-19/statistik/statistik-over-registrerade-vaccinationer-covid-19/,""
SWE,2021-01-31T00:00:00.000+05:30,322971.0,288307.0,34664.0,"",12571.0,3.2,2.85,0.34,1245.0,"Oxford/AstraZeneca, Pfizer/BioNTech",Public Health Agency of Sweden,https://www.folkhalsomyndigheten.se/smittskydd-beredskap/utbrott/aktuella-utbrott/covid-19/vaccination-mot-covid-19/statistik/statistik-over-registrerade-vaccinationer-covid-19/,""
SWE,2021-02-01T00:00:00.000+05:30,"","","","",12773.0,"","","",1265.0,"Oxford/AstraZeneca, Pfizer/BioNTech",Public Health Agency of Sweden,https://www.folkhalsomyndigheten.se/smittskydd-beredskap/utbrott/aktuella-utbrott/covid-19/vaccination-mot-covid-19/statistik/statistik-over-registrerade-vaccinationer-covid-19/,""
SWE,2021-02-02T00:00:00.000+05:30,"","","","",12976.0,"","","",1285.0,"Oxford/AstraZeneca, Pfizer/BioNTech",Public Health Agency of Sweden,https://www.folkhalsomyndigheten.se/smittskydd-beredskap/utbrott/aktuella-utbrott/covid-19/vaccination-mot-covid-19/statistik/statistik-over-registrerade-vaccinationer-covid-19/,""
SWE,2021-02-03T00:00:00.000+05:30,"","","","",13178.0,"","","",1305.0,"Oxford/AstraZeneca, Pfizer/BioNTech",Public Health Agency of Sweden,https://www.folkhalsomyndigheten.se/smittskydd-beredskap/utbrott/aktuella-utbrott/covid-19/vaccination-mot-covid-19/statistik/statistik-over-registrerade-vaccinationer-covid-19/,""
SWE,2021-02-04T00:00:00.000+05:30,"","","","",13381.0,"","","",1325.0,"Oxford/AstraZeneca, Pfizer/BioNTech",Public Health Agency of Sweden,https://www.folkhalsomyndigheten.se/smittskydd-beredskap/utbrott/aktuella-utbrott/covid-19/vaccination-mot-covid-19/statistik/statistik-over-registrerade-vaccinationer-covid-19/,""
SWE,2021-02-05T00:00:00.000+05:30,"","","","",13583.0,"","","",1345.0,"Oxford/AstraZeneca, Pfizer/BioNTech",Public Health Agency of Sweden,https://www.folkhalsomyndigheten.se/smittskydd-beredskap/utbrott/aktuella-utbrott/covid-19/vaccination-mot-covid-19/statistik/statistik-over-registrerade-vaccinationer-covid-19/,""
SWE,2021-02-06T00:00:00.000+05:30,"","","","",13786.0,"","","",1365.0,"Oxford/AstraZeneca, Pfizer/BioNTech",Public Health Agency of Sweden,https://www.folkhalsomyndigheten.se/smittskydd-beredskap/utbrott/aktuella-utbrott/covid-19/vaccination-mot-covid-19/statistik/statistik-over-registrerade-vaccinationer-covid-19/,""
SWE,2021-02-07T00:00:00.000+05:30,420891.0,332337.0,88554.0,"",13989.0,4.17,3.29,0.88,1385.0,"Oxford/AstraZeneca, Pfizer/BioNTech",Public Health Agency of Sweden,https://www.folkhalsomyndigheten.se/smittskydd-beredskap/utbrott/aktuella-utbrott/covid-19/vaccination-mot-covid-19/statistik/statistik-over-registrerade-vaccinationer-covid-19/,""
SWE,2021-02-08T00:00:00.000+05:30,"","","","",14308.0,"","","",1417.0,"Oxford/AstraZeneca, Pfizer/BioNTech",Public Health Agency of Sweden,https://www.folkhalsomyndigheten.se/smittskydd-beredskap/utbrott/aktuella-utbrott/covid-19/vaccination-mot-covid-19/statistik/statistik-over-registrerade-vaccinationer-covid-19/,""
SWE,2021-02-09T00:00:00.000+05:30,"","","","",14628.0,"","","",1448.0,"Oxford/AstraZeneca, Pfizer/BioNTech",Public Health Agency of Sweden,https://www.folkhalsomyndigheten.se/smittskydd-beredskap/utbrott/aktuella-utbrott/covid-19/vaccination-mot-covid-19/statistik/statistik-over-registrerade-vaccinationer-covid-19/,""
SWE,2021-02-10T00:00:00.000+05:30,"","","","",14948.0,"","","",1480.0,"Oxford/AstraZeneca, Pfizer/BioNTech",Public Health Agency of Sweden,https://www.folkhalsomyndigheten.se/smittskydd-beredskap/utbrott/aktuella-utbrott/covid-19/vaccination-mot-covid-19/statistik/statistik-over-registrerade-vaccinationer-covid-19/,""
SWE,2021-02-11T00:00:00.000+05:30,"","","","",15268.0,"","","",1512.0,"Oxford/AstraZeneca, Pfizer/BioNTech",Public Health Agency of Sweden,https://www.folkhalsomyndigheten.se/smittskydd-beredskap/utbrott/aktuella-utbrott/covid-19/vaccination-mot-covid-19/statistik/statistik-over-registrerade-vaccinationer-covid-19/,""
SWE,2021-02-12T00:00:00.000+05:30,"","","","",15587.0,"","","",1543.0,"Oxford/AstraZeneca, Pfizer/BioNTech",Public Health Agency of Sweden,https://www.folkhalsomyndigheten.se/smittskydd-beredskap/utbrott/aktuella-utbrott/covid-19/vaccination-mot-covid-19/statistik/statistik-over-registrerade-vaccinationer-covid-19/,""
SWE,2021-02-13T00:00:00.000+05:30,"","","","",15907.0,"","","",1575.0,"Oxford/AstraZeneca, Pfizer/BioNTech",Public Health Agency of Sweden,https://www.folkhalsomyndigheten.se/smittskydd-beredskap/utbrott/aktuella-utbrott/covid-19/vaccination-mot-covid-19/statistik/statistik-over-registrerade-vaccinationer-covid-19/,""
SWE,2021-02-14T00:00:00.000+05:30,534480.0,378347.0,156133.0,"",16227.0,5.29,3.75,1.55,1607.0,"Oxford/AstraZeneca, Pfizer/BioNTech",Public Health Agency of Sweden,https://www.folkhalsomyndigheten.se/smittskydd-beredskap/utbrott/aktuella-utbrott/covid-19/vaccination-mot-covid-19/statistik/statistik-over-registrerade-vaccinationer-covid-19/,""
SWE,2021-02-15T00:00:00.000+05:30,"","","","",17006.0,"","","",1684.0,"Oxford/AstraZeneca, Pfizer/BioNTech",Public Health Agency of Sweden,https://www.folkhalsomyndigheten.se/smittskydd-beredskap/utbrott/aktuella-utbrott/covid-19/vaccination-mot-covid-19/statistik/statistik-over-registrerade-vaccinationer-covid-19/,""
SWE,2021-02-16T00:00:00.000+05:30,"","","","",17786.0,"","","",1761.0,"Oxford/AstraZeneca, Pfizer/BioNTech",Public Health Agency of Sweden,https://www.folkhalsomyndigheten.se/smittskydd-beredskap/utbrott/aktuella-utbrott/covid-19/vaccination-mot-covid-19/statistik/statistik-over-registrerade-vaccinationer-covid-19/,""
SWE,2021-02-17T00:00:00.000+05:30,"","","","",18565.0,"","","",1838.0,"Oxford/AstraZeneca, Pfizer/BioNTech",Public Health Agency of Sweden,https://www.folkhalsomyndigheten.se/smittskydd-beredskap/utbrott/aktuella-utbrott/covid-19/vaccination-mot-covid-19/statistik/statistik-over-registrerade-vaccinationer-covid-19/,""
SWE,2021-02-18T00:00:00.000+05:30,"","","","",19344.0,"","","",1915.0,"Oxford/AstraZeneca, Pfizer/BioNTech",Public Health Agency of Sweden,https://www.folkhalsomyndigheten.se/smittskydd-beredskap/utbrott/aktuella-utbrott/covid-19/vaccination-mot-covid-19/statistik/statistik-over-registrerade-vaccinationer-covid-19/,""
SWE,2021-02-19T00:00:00.000+05:30,"","","","",20123.0,"","","",1993.0,"Oxford/AstraZeneca, Pfizer/BioNTech",Public Health Agency of Sweden,https://www.folkhalsomyndigheten.se/smittskydd-beredskap/utbrott/aktuella-utbrott/covid-19/vaccination-mot-covid-19/statistik/statistik-over-registrerade-vaccinationer-covid-19/,""
SWE,2021-02-20T00:00:00.000+05:30,"","","","",20903.0,"","","",2070.0,"Oxford/AstraZeneca, Pfizer/BioNTech",Public Health Agency of Sweden,https://www.folkhalsomyndigheten.se/smittskydd-beredskap/utbrott/aktuella-utbrott/covid-19/vaccination-mot-covid-19/statistik/statistik-over-registrerade-vaccinationer-covid-19/,""
SWE,2021-02-21T00:00:00.000+05:30,686254.0,448583.0,237671.0,"",21682.0,6.8,4.44,2.35,2147.0,"Oxford/AstraZeneca, Pfizer/BioNTech",Public Health Agency of Sweden,https://www.folkhalsomyndigheten.se/smittskydd-beredskap/utbrott/aktuella-utbrott/covid-19/vaccination-mot-covid-19/statistik/statistik-over-registrerade-vaccinationer-covid-19/,""
SWE,2021-02-22T00:00:00.000+05:30,"","","","",21583.0,"","","",2137.0,"Oxford/AstraZeneca, Pfizer/BioNTech",Public Health Agency of Sweden,https://www.folkhalsomyndigheten.se/smittskydd-beredskap/utbrott/aktuella-utbrott/covid-19/vaccination-mot-covid-19/statistik/statistik-over-registrerade-vaccinationer-covid-19/,""
SWE,2021-02-23T00:00:00.000+05:30,"","","","",21485.0,"","","",2127.0,"Oxford/AstraZeneca, Pfizer/BioNTech",Public Health Agency of Sweden,https://www.folkhalsomyndigheten.se/smittskydd-beredskap/utbrott/aktuella-utbrott/covid-19/vaccination-mot-covid-19/statistik/statistik-over-registrerade-vaccinationer-covid-19/,""
SWE,2021-02-24T00:00:00.000+05:30,"","","","",21386.0,"","","",2118.0,"Oxford/AstraZeneca, Pfizer/BioNTech",Public Health Agency of Sweden,https://www.folkhalsomyndigheten.se/smittskydd-beredskap/utbrott/aktuella-utbrott/covid-19/vaccination-mot-covid-19/statistik/statistik-over-registrerade-vaccinationer-covid-19/,""
SWE,2021-02-25T00:00:00.000+05:30,"","","","",21287.0,"","","",2108.0,"Oxford/AstraZeneca, Pfizer/BioNTech",Public Health Agency of Sweden,https://www.folkhalsomyndigheten.se/smittskydd-beredskap/utbrott/aktuella-utbrott/covid-19/vaccination-mot-covid-19/statistik/statistik-over-registrerade-vaccinationer-covid-19/,""
SWE,2021-02-26T00:00:00.000+05:30,"","","","",21188.0,"","","",2098.0,"Oxford/AstraZeneca, Pfizer/BioNTech",Public Health Agency of Sweden,https://www.folkhalsomyndigheten.se/smittskydd-beredskap/utbrott/aktuella-utbrott/covid-19/vaccination-mot-covid-19/statistik/statistik-over-registrerade-vaccinationer-covid-19/,""
SWE,2021-02-27T00:00:00.000+05:30,"","","","",21090.0,"","","",2088.0,"Oxford/AstraZeneca, Pfizer/BioNTech",Public Health Agency of Sweden,https://www.folkhalsomyndigheten.se/smittskydd-beredskap/utbrott/aktuella-utbrott/covid-19/vaccination-mot-covid-19/statistik/statistik-over-registrerade-vaccinationer-covid-19/,""
SWE,2021-02-28T00:00:00.000+05:30,833191.0,544951.0,288240.0,"",20991.0,8.25,5.4,2.85,2078.0,"Oxford/AstraZeneca, Pfizer/BioNTech",Public Health Agency of Sweden,https://www.folkhalsomyndigheten.se/smittskydd-beredskap/utbrott/aktuella-utbrott/covid-19/vaccination-mot-covid-19/statistik/statistik-over-registrerade-vaccinationer-covid-19/,""
SWE,2021-03-01T00:00:00.000+05:30,"","","","",21655.0,"","","",2144.0,"Oxford/AstraZeneca, Pfizer/BioNTech",Public Health Agency of Sweden,https://www.folkhalsomyndigheten.se/smittskydd-beredskap/utbrott/aktuella-utbrott/covid-19/vaccination-mot-covid-19/statistik/statistik-over-registrerade-vaccinationer-covid-19/,""
SWE,2021-03-02T00:00:00.000+05:30,"","","","",22319.0,"","","",2210.0,"Oxford/AstraZeneca, Pfizer/BioNTech",Public Health Agency of Sweden,https://www.folkhalsomyndigheten.se/smittskydd-beredskap/utbrott/aktuella-utbrott/covid-19/vaccination-mot-covid-19/statistik/statistik-over-registrerade-vaccinationer-covid-19/,""
SWE,2021-03-03T00:00:00.000+05:30,"","","","",22983.0,"","","",2276.0,"Oxford/AstraZeneca, Pfizer/BioNTech",Public Health Agency of Sweden,https://www.folkhalsomyndigheten.se/smittskydd-beredskap/utbrott/aktuella-utbrott/covid-19/vaccination-mot-covid-19/statistik/statistik-over-registrerade-vaccinationer-covid-19/,""
SWE,2021-03-04T00:00:00.000+05:30,"","","","",23647.0,"","","",2341.0,"Oxford/AstraZeneca, Pfizer/BioNTech",Public Health Agency of Sweden,https://www.folkhalsomyndigheten.se/smittskydd-beredskap/utbrott/aktuella-utbrott/covid-19/vaccination-mot-covid-19/statistik/statistik-over-registrerade-vaccinationer-covid-19/,""
SWE,2021-03-05T00:00:00.000+05:30,"","","","",24312.0,"","","",2407.0,"Oxford/AstraZeneca, Pfizer/BioNTech",Public Health Agency of Sweden,https://www.folkhalsomyndigheten.se/smittskydd-beredskap/utbrott/aktuella-utbrott/covid-19/vaccination-mot-covid-19/statistik/statistik-over-registrerade-vaccinationer-covid-19/,""
SWE,2021-03-06T00:00:00.000+05:30,"","","","",24976.0,"","","",2473.0,"Oxford/AstraZeneca, Pfizer/BioNTech",Public Health Agency of Sweden,https://www.folkhalsomyndigheten.se/smittskydd-beredskap/utbrott/aktuella-utbrott/covid-19/vaccination-mot-covid-19/statistik/statistik-over-registrerade-vaccinationer-covid-19/,""
SWE,2021-03-07T00:00:00.000+05:30,1012669.0,687811.0,324858.0,"",25640.0,10.03,6.81,3.22,2539.0,"Oxford/AstraZeneca, Pfizer/BioNTech",Public Health Agency of Sweden,https://www.folkhalsomyndigheten.se/smittskydd-beredskap/utbrott/aktuella-utbrott/covid-19/vaccination-mot-covid-19/statistik/statistik-over-registrerade-vaccinationer-covid-19/,""
SWE,2021-03-08T00:00:00.000+05:30,"","","","",24298.0,"","","",2406.0,"Oxford/AstraZeneca, Pfizer/BioNTech",Public Health Agency of Sweden,https://www.folkhalsomyndigheten.se/smittskydd-beredskap/utbrott/aktuella-utbrott/covid-19/vaccination-mot-covid-19/statistik/statistik-over-registrerade-vaccinationer-covid-19/,""
SWE,2021-03-09T00:00:00.000+05:30,"","","","",22957.0,"","","",2273.0,"Oxford/AstraZeneca, Pfizer/BioNTech",Public Health Agency of Sweden,https://www.folkhalsomyndigheten.se/smittskydd-beredskap/utbrott/aktuella-utbrott/covid-19/vaccination-mot-covid-19/statistik/statistik-over-registrerade-vaccinationer-covid-19/,""
SWE,2021-03-10T00:00:00.000+05:30,"","","","",21615.0,"","","",2140.0,"Oxford/AstraZeneca, Pfizer/BioNTech",Public Health Agency of Sweden,https://www.folkhalsomyndigheten.se/smittskydd-beredskap/utbrott/aktuella-utbrott/covid-19/vaccination-mot-covid-19/statistik/statistik-over-registrerade-vaccinationer-covid-19/,""
SWE,2021-03-11T00:00:00.000+05:30,"","","","",20274.0,"","","",2007.0,"Oxford/AstraZeneca, Pfizer/BioNTech",Public Health Agency of Sweden,https://www.folkhalsomyndigheten.se/smittskydd-beredskap/utbrott/aktuella-utbrott/covid-19/vaccination-mot-covid-19/statistik/statistik-over-registrerade-vaccinationer-covid-19/,""
SWE,2021-03-12T00:00:00.000+05:30,1093915.0,758884.0,335031.0,"",18932.0,10.83,7.51,3.32,1875.0,"Oxford/AstraZeneca, Pfizer/BioNTech",Public Health Agency of Sweden,https://www.folkhalsomyndigheten.se/smittskydd-beredskap/utbrott/aktuella-utbrott/covid-19/vaccination-mot-covid-19/statistik/statistik-over-registrerade-vaccinationer-covid-19/,""
SWE,2021-03-13T00:00:00.000+05:30,"","","","",19129.0,"","","",1894.0,"Oxford/AstraZeneca, Pfizer/BioNTech",Public Health Agency of Sweden,https://www.folkhalsomyndigheten.se/smittskydd-beredskap/utbrott/aktuella-utbrott/covid-19/vaccination-mot-covid-19/statistik/statistik-over-registrerade-vaccinationer-covid-19/,""
SWE,2021-03-14T00:00:00.000+05:30,"","","","",19326.0,"","","",1914.0,"Oxford/AstraZeneca, Pfizer/BioNTech",Public Health Agency of Sweden,https://www.folkhalsomyndigheten.se/smittskydd-beredskap/utbrott/aktuella-utbrott/covid-19/vaccination-mot-covid-19/statistik/statistik-over-registrerade-vaccinationer-covid-19/,""
SWE,2021-03-15T00:00:00.000+05:30,"","","","",20865.0,"","","",2066.0,"Oxford/AstraZeneca, Pfizer/BioNTech",Public Health Agency of Sweden,https://www.folkhalsomyndigheten.se/smittskydd-beredskap/utbrott/aktuella-utbrott/covid-19/vaccination-mot-covid-19/statistik/statistik-over-registrerade-vaccinationer-covid-19/,""
SWE,2021-03-16T00:00:00.000+05:30,1201988.0,843974.0,358014.0,"",22403.0,11.9,8.36,3.54,2218.0,"Oxford/AstraZeneca, Pfizer/BioNTech",Public Health Agency of Sweden,https://www.folkhalsomyndigheten.se/smittskydd-beredskap/utbrott/aktuella-utbrott/covid-19/vaccination-mot-covid-19/statistik/statistik-over-registrerade-vaccinationer-covid-19/,""
SWE,2021-03-17T00:00:00.000+05:30,1223422.0,861525.0,361897.0,21434.0,23144.0,12.11,8.53,3.58,2292.0,"Oxford/AstraZeneca, Pfizer/BioNTech",Public Health Agency of Sweden,https://www.folkhalsomyndigheten.se/smittskydd-beredskap/utbrott/aktuella-utbrott/covid-19/vaccination-mot-covid-19/statistik/statistik-over-registrerade-vaccinationer-covid-19/,""
SWE,2021-03-18T00:00:00.000+05:30,1255364.0,883561.0,371803.0,31942.0,25385.0,12.43,8.75,3.68,2514.0,"Oxford/AstraZeneca, Pfizer/BioNTech",Public Health Agency of Sweden,https://www.folkhalsomyndigheten.se/smittskydd-beredskap/utbrott/aktuella-utbrott/covid-19/vaccination-mot-covid-19/statistik/statistik-over-registrerade-vaccinationer-covid-19/,""
SWE,2021-03-19T00:00:00.000+05:30,1293923.0,910425.0,383498.0,38559.0,28573.0,12.81,9.01,3.8,2829.0,"Oxford/AstraZeneca, Pfizer/BioNTech",Public Health Agency of Sweden,https://www.folkhalsomyndigheten.se/smittskydd-beredskap/utbrott/aktuella-utbrott/covid-19/vaccination-mot-covid-19/statistik/statistik-over-registrerade-vaccinationer-covid-19/,""
